{
  "inchi": "InChI=1S/C14H27N3O2/c1-11(2)17(12(3)4)9-7-15-13(18)10-16-8-5-6-14(16)19/h11-12H,5-10H2,1-4H3,(H,15,18)",
  "psychonaut_names": [
    "Pramiracetam"
  ],
  "tripsit_names": [
    "pramiracetam"
  ],
  "isomerd_names": null,
  "isod_ids": null,
  "synonyms": [
    "CI-879 FREE BASE",
    "FT-0630777",
    "MLS006010035",
    "68497-62-1",
    "Pramiracetam [INN]",
    "N-[2-[di(propan-2-yl)amino]ethyl]-2-(2-oxo-1-pyrrolidinyl)acetamide",
    "C76170",
    "CHEMBL159776",
    "SMR004701212",
    "SCHEMBL195465",
    "AKOS005066359",
    "A836161",
    "CCG-267142",
    "1-Pyrrolidineacetamide, N-(2-(bis(1-methylethyl)amino)ethyl)-2-oxo-",
    "AB01566859_01",
    "N-[2-[di(propan-2-yl)amino]ethyl]-2-(2-oxopyrrolidin-1-yl)acetamide",
    "4449F8I3LE",
    "P2061",
    "N-[2-[bis(1-methylethyl)amino]ethyl]-2-oxo-1-pyrrolidineacetamide",
    "HMS3884N10",
    "HMS3656M20",
    "N-[2-[di(propan-2-yl)amino]ethyl]-2-(2-oxidanylidenepyrrolidin-1-yl)ethanamide",
    "N-(2-(diisopropylamino)ethyl)-2-(2-oxopyrrolidin-1-yl)acetamide",
    "N-(2-(bis(1-methylethyl)amino)ethyl)-2-oxo-1-pyrrolidineacetamide",
    "HY-17455",
    "N-[2-[Bis(1-methylethyl)amino]ethyl]-2-oxo-1-pyrrolidineacetamide, Vinpotropil",
    "HS-0092",
    "s2594",
    "AC-8798",
    "Pramiracetamum",
    "ZINC1856108",
    "Amacetam, N-[2-(Diisopropylamino)ethyl]-2-(2-oxopyrrolidin-1-yl)acetamide",
    "CS-1573",
    "DTXSID60218604",
    "Pramiracetamum [INN-Latin]",
    "1-Pyrrolidineacetamide, N-[2-[bis(1-methylethyl)amino]ethyl]-2-oxo-",
    "N-{2-[bis(propan-2-yl)amino]ethyl}-2-(2-oxopyrrolidin-1-yl)acetamide",
    "SW219170-1",
    "Q-201610",
    "DB-055157",
    "PRAMIRACETAM [WHO-DD]",
    "PRAMIRACETAM [MI]",
    "Z221101674",
    "D08405",
    "497P621",
    "Pramiracetam/CI-879",
    "NCGC00346668-04",
    "UNII-4449F8I3LE",
    "BCP27900",
    "pramiracetam",
    "Pramiracetam (INN)",
    "CHEBI:135110",
    "Q415746",
    "DB13247",
    "NCGC00346668-01",
    "N-(2-(DIISOPROPYLAMINO)ETHYL)-2-OXO-1-PYRROLIDINEACETAMIDE",
    "Benzoic acid, o-(p-toluyl)-"
  ],
  "distances": [
    30.0074087531,
    30.3684707971,
    31.9889974753,
    32.1184844894,
    32.1985380042,
    32.5828365148,
    32.8897695108,
    33.1992810275,
    33.3133446334,
    33.9598546598,
    34.0280699702,
    34.3010034531,
    34.3443897802,
    34.3881508935,
    34.430243252,
    34.4597552435,
    34.6438703656,
    34.6473673383,
    34.6783190975
  ],
  "indices": [
    165,
    163,
    200,
    202,
    158,
    465,
    113,
    221,
    676,
    156,
    394,
    468,
    665,
    667,
    106,
    491,
    159,
    442,
    412
  ],
  "name": "psyc_Pramiracetam_trip_pramiracetam",
  "svg": "psyc_Pramiracetam_trip_pramiracetam.svg",
  "sim": [
    {
      "name": "psyc_4-HO-DiPT_trip_4-ho-dipt",
      "psychonaut_names": [
        "4-HO-DiPT"
      ],
      "tripsit_names": [
        "4-ho-dipt"
      ],
      "isomerd_names": null,
      "dist": 30.0074087531
    },
    {
      "name": "psyc_DiPT_trip_dipt",
      "psychonaut_names": [
        "DiPT"
      ],
      "tripsit_names": [
        "dipt"
      ],
      "isomerd_names": null,
      "dist": 30.3684707971
    },
    {
      "name": "psyc_5-MeO-DiBF_trip_5-meo-dibf",
      "psychonaut_names": [
        "5-MeO-DiBF"
      ],
      "tripsit_names": [
        "5-meo-dibf"
      ],
      "isomerd_names": null,
      "dist": 31.9889974753
    },
    {
      "name": "psyc_5-MeO-DiPT_trip_5-meo-dipt",
      "psychonaut_names": [
        "5-MeO-DiPT"
      ],
      "tripsit_names": [
        "5-meo-dipt"
      ],
      "isomerd_names": null,
      "dist": 32.1184844894
    },
    {
      "name": "psyc_\u0391-PiHP",
      "psychonaut_names": [
        "\u0391-PiHP"
      ],
      "tripsit_names": null,
      "isomerd_names": null,
      "dist": 32.1985380042
    },
    {
      "name": "trip_bk-ivp",
      "psychonaut_names": null,
      "tripsit_names": [
        "bk-ivp"
      ],
      "isomerd_names": null,
      "dist": 32.5828365148
    },
    {
      "name": "psyc_Tapentadol_trip_tapentadol",
      "psychonaut_names": [
        "Tapentadol"
      ],
      "tripsit_names": [
        "tapentadol"
      ],
      "isomerd_names": null,
      "dist": 32.8897695108
    },
    {
      "name": "psyc_4-AcO-DiPT_trip_4-aco-dipt",
      "psychonaut_names": [
        "4-AcO-DiPT"
      ],
      "tripsit_names": [
        "4-aco-dipt"
      ],
      "isomerd_names": null,
      "dist": 33.1992810275
    },
    {
      "name": "isomer_2,5-Dimethyl-\u03b1-PVP",
      "psychonaut_names": null,
      "tripsit_names": null,
      "isomerd_names": [
        "2,5-Dimethyl-\u03b1-PVP"
      ],
      "dist": 33.3133446334
    },
    {
      "name": "psyc_4-AcO-MiPT_trip_4-aco-mipt",
      "psychonaut_names": [
        "4-AcO-MiPT"
      ],
      "tripsit_names": [
        "4-aco-mipt"
      ],
      "isomerd_names": null,
      "dist": 33.9598546598
    },
    {
      "name": "trip_ibuprofen",
      "psychonaut_names": null,
      "tripsit_names": [
        "ibuprofen"
      ],
      "isomerd_names": null,
      "dist": 34.0280699702
    },
    {
      "name": "trip_pipt",
      "psychonaut_names": null,
      "tripsit_names": [
        "pipt"
      ],
      "isomerd_names": null,
      "dist": 34.3010034531
    },
    {
      "name": "isomer_PEAT",
      "psychonaut_names": null,
      "tripsit_names": null,
      "isomerd_names": [
        "PEAT"
      ],
      "dist": 34.3443897802
    },
    {
      "name": "isomer_N-{2-[4-(2-Hydroxypropyl)-2,5-dimethoxyphenyl]ethyl}acetamide",
      "psychonaut_names": null,
      "tripsit_names": null,
      "isomerd_names": [
        "N-{2-[4-(2-Hydroxypropyl)-2,5-dimethoxyphenyl]ethyl}acetamide"
      ],
      "dist": 34.3881508935
    },
    {
      "name": "psyc_4-HO-MiPT_trip_4-ho-mipt",
      "psychonaut_names": [
        "4-HO-MiPT"
      ],
      "tripsit_names": [
        "4-ho-mipt"
      ],
      "isomerd_names": null,
      "dist": 34.430243252
    },
    {
      "name": "trip_pv-8",
      "psychonaut_names": null,
      "tripsit_names": [
        "pv-8"
      ],
      "isomerd_names": null,
      "dist": 34.4597552435
    },
    {
      "name": "psyc_A-PHP_trip_alpha-php",
      "psychonaut_names": [
        "A-PHP"
      ],
      "tripsit_names": [
        "alpha-php"
      ],
      "isomerd_names": null,
      "dist": 34.6438703656
    },
    {
      "name": "trip_4-meo-mipt",
      "psychonaut_names": null,
      "tripsit_names": [
        "4-meo-mipt"
      ],
      "isomerd_names": null,
      "dist": 34.6473673383
    },
    {
      "name": "trip_nefiracetam",
      "psychonaut_names": null,
      "tripsit_names": [
        "nefiracetam"
      ],
      "isomerd_names": null,
      "dist": 34.6783190975
    }
  ]
}