{
  "inchi": "InChI=1S/C11H17NO2/c1-8(12)6-9-7-10(13-2)4-5-11(9)14-3/h4-5,7-8H,6,12H2,1-3H3",
  "psychonaut_names": [
    "2,5-DMA"
  ],
  "tripsit_names": null,
  "isomerd_names": null,
  "isod_ids": null,
  "synonyms": [
    "BDBM50005251",
    "UNII-OIM1536TQQ",
    "Q27092772",
    "(+/-) -1-(2,5-Dimethoxyphenyl)-2-aminopropane",
    "Amphetamine, 2,5-dimethoxy",
    "OIM1536TQQ",
    "NCGC00168269-02",
    "DOH",
    "BENZENEETHANAMINE, 2,5-DIMETHOXY-.ALPHA.-METHYL-, (+/-)",
    "DMA",
    "EINECS 220-540-2",
    "1-(2,5-dimethoxyphenyl)propan-2-amine",
    "Benzeneethanamine,2,5-dimethoxy-.alpha.-methyl-(.+/-.)-",
    "(+/-)2-(2,5-Dimethoxy-phenyl)-1-methyl-ethylamine",
    "DEA No. 7396",
    "Benzeneethanamine, 2,5-dimethoxy-alpha-methyl-",
    "2,5-dimethoxy-amphetamine",
    "C-1739",
    "NCI60_003383",
    "NCGC00168269-01",
    "Benzeneethanamine, 2,5-dimethoxy-.alpha.-methyl-",
    "A819285",
    "13641-74-2",
    "Phenethylamine, 2,5-dimethoxy-alpha-methyl-",
    "U-10,648",
    "DTXSID2091540",
    "2,5-Dimethoxy-.alpha.-methylphenethylamine",
    "2,5-DIMETHOXYAMPHETAMINE, (+/-)",
    "DB-002342",
    "2801-68-5",
    "Dimethoxyamphetamine, 2,5-",
    "1-(2,5-Dimethoxyphenyl)-2-propanamine",
    "2,5-Dimethoxy-alpha-methylbenzeneethanamine",
    "L000883",
    "SCHEMBL1740902",
    "Benzeneethanamine, 2,5-dimethoxy-.alpha.,-methyl",
    "Phenethylamine, 2,5-dimethoxy-.alpha.-methyl-",
    "CHEMBL8642",
    "2-(2-Aminopropyl)hydroquinone dimethyl ether",
    "2-(2,5-Dimethoxy-phenyl)-1-methyl-ethylamine(2,5-DMA)",
    "2,5-Dimethoxy-alpha-methylphenethylamine",
    "2,5-Dimethoxyamphetamine",
    "(+/-)-2,5-DIMETHOXYAMPHETAMINE",
    "1-(2,5-Dimethoxyphenyl)-2-aminopropane",
    "DB01465",
    "2,5-DIMETHOXY-ALPHA-METHYL-BENZENEETHANAMINE",
    "1-(2,5-Dimethoxyphenyl)isopropylamine",
    "J46.485F",
    "Benzeneethanamine,2,5-Dimethoxy-a-Methyl-(.+/-.)-",
    "2-(2,5-Dimethoxy-phenyl)-1-methyl-ethylamine"
  ],
  "distances": [
    7.9793264773,
    8.9631500306,
    9.3922785923,
    9.5386685877,
    11.3263279825,
    11.649132404,
    12.0646401518,
    12.4331255557,
    12.6539012095,
    12.6905327541,
    12.9020084681,
    12.9035600348,
    13.090704006,
    13.759754397,
    14.2267115845,
    14.6497530659,
    14.9449684275,
    15.0704188128,
    15.1101475452
  ],
  "indices": [
    70,
    596,
    40,
    594,
    43,
    399,
    597,
    73,
    75,
    20,
    46,
    74,
    92,
    380,
    12,
    62,
    11,
    591,
    400
  ],
  "name": "psyc_2,5-DMA",
  "svg": "psyc_2,5-DMA.svg",
  "sim": [
    {
      "name": "psyc_DOM_trip_dom",
      "psychonaut_names": [
        "DOM"
      ],
      "tripsit_names": [
        "dom"
      ],
      "isomerd_names": null,
      "dist": 7.9793264773
    },
    {
      "name": "isomer_4-Me-2,3-DOM",
      "psychonaut_names": null,
      "tripsit_names": null,
      "isomerd_names": [
        "4-Me-2,3-DOM"
      ],
      "dist": 8.9631500306
    },
    {
      "name": "psyc_DOB_trip_dob",
      "psychonaut_names": [
        "DOB"
      ],
      "tripsit_names": [
        "dob"
      ],
      "isomerd_names": null,
      "dist": 9.3922785923
    },
    {
      "name": "isomer_3,2,4-DOB",
      "psychonaut_names": null,
      "tripsit_names": null,
      "isomerd_names": [
        "3,2,4-DOB"
      ],
      "dist": 9.5386685877
    },
    {
      "name": "psyc_DOI_trip_doi",
      "psychonaut_names": [
        "DOI"
      ],
      "tripsit_names": [
        "doi"
      ],
      "isomerd_names": null,
      "dist": 11.3263279825
    },
    {
      "name": "trip_doet",
      "psychonaut_names": null,
      "tripsit_names": [
        "doet"
      ],
      "isomerd_names": null,
      "dist": 11.649132404
    },
    {
      "name": "isomer_4,2,3-DOET",
      "psychonaut_names": null,
      "tripsit_names": null,
      "isomerd_names": [
        "4,2,3-DOET"
      ],
      "dist": 12.0646401518
    },
    {
      "name": "psyc_TMA-6_trip_tma-6",
      "psychonaut_names": [
        "TMA-6"
      ],
      "tripsit_names": [
        "tma-6"
      ],
      "isomerd_names": null,
      "dist": 12.4331255557
    },
    {
      "name": "psyc_TMA-2_trip_tma-2",
      "psychonaut_names": [
        "TMA-2"
      ],
      "tripsit_names": [
        "tma-2"
      ],
      "isomerd_names": null,
      "dist": 12.6539012095
    },
    {
      "name": "psyc_2C-H",
      "psychonaut_names": [
        "2C-H"
      ],
      "tripsit_names": null,
      "isomerd_names": null,
      "dist": 12.6905327541
    },
    {
      "name": "psyc_2C-D_trip_2c-d",
      "psychonaut_names": [
        "2C-D"
      ],
      "tripsit_names": [
        "2c-d"
      ],
      "isomerd_names": null,
      "dist": 12.9020084681
    },
    {
      "name": "psyc_TMA",
      "psychonaut_names": [
        "TMA"
      ],
      "tripsit_names": null,
      "isomerd_names": null,
      "dist": 12.9035600348
    },
    {
      "name": "psyc_4C-D",
      "psychonaut_names": [
        "4C-D"
      ],
      "tripsit_names": null,
      "isomerd_names": null,
      "dist": 13.090704006
    },
    {
      "name": "trip_aleph",
      "psychonaut_names": null,
      "tripsit_names": [
        "aleph"
      ],
      "isomerd_names": null,
      "dist": 13.759754397
    },
    {
      "name": "psyc_2C-C_trip_2c-c",
      "psychonaut_names": [
        "2C-C"
      ],
      "tripsit_names": [
        "2c-c"
      ],
      "isomerd_names": null,
      "dist": 14.2267115845
    },
    {
      "name": "psyc_5-MeO-aMT_trip_5-meo-amt",
      "psychonaut_names": [
        "5-MeO-aMT"
      ],
      "tripsit_names": [
        "5-meo-amt"
      ],
      "isomerd_names": null,
      "dist": 14.6497530659
    },
    {
      "name": "psyc_2C-B_trip_2c-b",
      "psychonaut_names": [
        "2C-B"
      ],
      "tripsit_names": [
        "2c-b"
      ],
      "isomerd_names": null,
      "dist": 14.9449684275
    },
    {
      "name": "isomer_2,3,4-MBM",
      "psychonaut_names": null,
      "tripsit_names": null,
      "isomerd_names": [
        "2,3,4-MBM"
      ],
      "dist": 15.0704188128
    },
    {
      "name": "trip_2c-ip",
      "psychonaut_names": null,
      "tripsit_names": [
        "2c-ip"
      ],
      "isomerd_names": null,
      "dist": 15.1101475452
    }
  ]
}