{
  "inchi": "InChI=1S/C12H14N2O2/c13-11(15)8-14-7-10(6-12(14)16)9-4-2-1-3-5-9/h1-5,10H,6-8H2,(H2,13,15)",
  "psychonaut_names": [
    "Phenylpiracetam"
  ],
  "tripsit_names": [
    "carphedon"
  ],
  "isomerd_names": null,
  "isod_ids": null,
  "synonyms": [
    "2-(2-oxo-4-phenyl-pyrrolidin-1-yl)acetamide",
    "F11808",
    "DTXSID30868438",
    "HMS2183I11",
    "Carphedo",
    "SMR000109123",
    "Karfedon",
    "STL511045",
    "PHENOTROPYL",
    "BRN 5030440",
    "Oprea1_429090",
    "BCP22034",
    "99QW5JU66Y",
    "AKOS000519394",
    "J-500892",
    "CCG-266708",
    "4-Phenylpiracetam; Carphedon",
    "4-Phenyl-2-oxopyrrolidine-1-acetamide",
    "phenotropil",
    "2-(2-oxo-4-phenyl-1-pyrrolidinyl)acetamide",
    "472P709",
    "(R,S)-2-(2-OXO-4-PHENYLPYRROLIDIN-1-YL)ACETAMIDE",
    "F2147-9813",
    "P2604",
    "HMS3886K15",
    "CS-1574",
    "1-Pyrrolidineacetamide, 2-oxo-4-phenyl-",
    "Oprea1_208829",
    "CHEMBL348639",
    "2-(2-oxidanylidene-4-phenyl-pyrrolidin-1-yl)ethanamide",
    "FONTURACETAM [MART.]",
    "phenylpiracetam",
    "DS-1993",
    "s5223",
    "Fonturacetam [INN]",
    "EX-A735",
    "2-Oxo-4-phenyl-1-pyrrolidineacetamide",
    "HY-14840",
    "4-Phenyl-2-pyrrolidone-1-acetamide",
    "4-Phenylpiracetam",
    "AKOS016038810",
    "MFCD01456750",
    "DB-075328",
    "BBL100068",
    "2-(2-keto-4-phenyl-pyrrolidin-1-yl)acetamide",
    "SB17150",
    "UNII-99QW5JU66Y",
    "2-(2-Oxo-4-phenyl-pyrrolidin-1-yl)-acetamide",
    "SDCCGMLS-0035015.P002",
    "(2-Oxo-4-phenylpyrrolidin-1-yl)acetamide",
    "2-(2-oxo-4-phenylpyrrolidin-1-yl)acetamide;Phenylpiracetam",
    "4-PHENYLPIRACETAM [WHO-DD]",
    "A839108",
    "2-(2-oxo-4-phenylpyrrolidin-1-yl)acetamide",
    "77472-70-9",
    "Fonturacetam",
    "Q420882",
    "SCHEMBL563022",
    "RAC-2-((4R)-2-OXO-4-PHENYLPYROLIDIN-1-YL)ACETAMIDE",
    "MLS000113218",
    "AMY38209",
    "Carphedon",
    "Carphedone",
    "Phenotropil",
    "1-Pyrrolidineacetamide, 2-oxo-4-phenyl-, (4S)-",
    "phenypiracetam"
  ],
  "distances": [
    19.2996534563,
    21.4739925197,
    21.4769411855,
    22.1755717276,
    22.6330322845,
    22.8256557207,
    23.2710469463,
    23.3305698757,
    23.463099301,
    23.7293084207,
    23.7644859708,
    23.9733344398,
    24.0452200535,
    24.0698129614,
    24.1049177162,
    24.2498565355,
    24.3236036662,
    24.3553205814,
    24.6155758557
  ],
  "indices": [
    53,
    413,
    353,
    412,
    130,
    138,
    377,
    411,
    586,
    362,
    436,
    347,
    363,
    398,
    366,
    100,
    388,
    585,
    101
  ],
  "name": "psyc_Phenylpiracetam_trip_carphedon",
  "svg": "psyc_Phenylpiracetam_trip_carphedon.svg",
  "sim": [
    {
      "name": "psyc_Aniracetam_trip_aniracetam",
      "psychonaut_names": [
        "Aniracetam"
      ],
      "tripsit_names": [
        "aniracetam"
      ],
      "isomerd_names": null,
      "dist": 19.2996534563
    },
    {
      "name": "trip_\u03b1-pbp",
      "psychonaut_names": null,
      "tripsit_names": [
        "\u03b1-pbp"
      ],
      "isomerd_names": null,
      "dist": 21.4739925197
    },
    {
      "name": "trip_mephtetramine",
      "psychonaut_names": null,
      "tripsit_names": [
        "mephtetramine"
      ],
      "isomerd_names": null,
      "dist": 21.4769411855
    },
    {
      "name": "trip_nefiracetam",
      "psychonaut_names": null,
      "tripsit_names": [
        "nefiracetam"
      ],
      "isomerd_names": null,
      "dist": 22.1755717276
    },
    {
      "name": "psyc_A-PVP_trip_a-pvp",
      "psychonaut_names": [
        "A-PVP"
      ],
      "tripsit_names": [
        "a-pvp"
      ],
      "isomerd_names": null,
      "dist": 22.6330322845
    },
    {
      "name": "psyc_Prolintane_trip_prolintane",
      "psychonaut_names": [
        "Prolintane"
      ],
      "tripsit_names": [
        "prolintane"
      ],
      "isomerd_names": null,
      "dist": 22.8256557207
    },
    {
      "name": "trip_mbzp",
      "psychonaut_names": null,
      "tripsit_names": [
        "mbzp"
      ],
      "isomerd_names": null,
      "dist": 23.2710469463
    },
    {
      "name": "trip_4-ho-mpmi",
      "psychonaut_names": null,
      "tripsit_names": [
        "4-ho-mpmi"
      ],
      "isomerd_names": null,
      "dist": 23.3305698757
    },
    {
      "name": "trip_2-pta",
      "psychonaut_names": null,
      "tripsit_names": [
        "2-pta"
      ],
      "isomerd_names": null,
      "dist": 23.463099301
    },
    {
      "name": "trip_4-benzylpiperidine",
      "psychonaut_names": null,
      "tripsit_names": [
        "4-benzylpiperidine"
      ],
      "isomerd_names": null,
      "dist": 23.7293084207
    },
    {
      "name": "trip_4f-pvp",
      "psychonaut_names": null,
      "tripsit_names": [
        "4f-pvp"
      ],
      "isomerd_names": null,
      "dist": 23.7644859708
    },
    {
      "name": "trip_bzp",
      "psychonaut_names": null,
      "tripsit_names": [
        "bzp"
      ],
      "isomerd_names": null,
      "dist": 23.9733344398
    },
    {
      "name": "trip_5-apdi",
      "psychonaut_names": null,
      "tripsit_names": [
        "5-apdi"
      ],
      "isomerd_names": null,
      "dist": 24.0452200535
    },
    {
      "name": "trip_a-pvt",
      "psychonaut_names": null,
      "tripsit_names": [
        "a-pvt"
      ],
      "isomerd_names": null,
      "dist": 24.0698129614
    },
    {
      "name": "trip_phenetrazine",
      "psychonaut_names": null,
      "tripsit_names": [
        "phenetrazine"
      ],
      "isomerd_names": null,
      "dist": 24.1049177162
    },
    {
      "name": "psyc_O-PCE_trip_o-pce",
      "psychonaut_names": [
        "O-PCE"
      ],
      "tripsit_names": [
        "o-pce"
      ],
      "isomerd_names": null,
      "dist": 24.2498565355
    },
    {
      "name": "trip_methylmorphenate",
      "psychonaut_names": null,
      "tripsit_names": [
        "methylmorphenate"
      ],
      "isomerd_names": null,
      "dist": 24.3236036662
    },
    {
      "name": "trip_aminorex",
      "psychonaut_names": null,
      "tripsit_names": [
        "aminorex"
      ],
      "isomerd_names": null,
      "dist": 24.3553205814
    },
    {
      "name": "psyc_Methylphenidate_trip_methylphenidate",
      "psychonaut_names": [
        "Methylphenidate"
      ],
      "tripsit_names": [
        "methylphenidate"
      ],
      "isomerd_names": null,
      "dist": 24.6155758557
    }
  ]
}