{
  "inchi": "InChI=1S/C10H13NO2/c11-7-9(6-10(12)13)8-4-2-1-3-5-8/h1-5,9H,6-7,11H2,(H,12,13)",
  "psychonaut_names": [
    "Phenibut"
  ],
  "tripsit_names": [
    "phenibut"
  ],
  "isomerd_names": null,
  "isod_ids": null,
  "synonyms": [
    "Benzenepropanoic acid, beta-(aminomethyl)-",
    "Phenylgamma",
    "078A213",
    "T2M58D6LA8",
    "FT-0600356",
    "(+/-)-FENIBUT",
    "Fenibut",
    "phenigamma",
    "D10509",
    "STK182861",
    "beta-(Aminomethyl)hydrocinnamic acid",
    "Oprea1_183000",
    "AKOS000555914",
    "Z1436181457",
    "phenygam",
    "4-Amino-3-phenyl-butyric acid",
    "BBL000576",
    "CCG-266416",
    "SCHEMBL340838",
    "4-AMINO-3-PHENYLBUTYRIC ACID [MI]",
    "s4892",
    "CHEBI:136039",
    "4-Amino-3-phenylbutanoic acid",
    "beta-Phenyl-gamma-aminobutyric acid",
    "PhGaba",
    "3-amino-2-phenylpropanecarboxylic acid",
    ".BETA.-(AMINOMETHYL)HYDROCINNAMIC ACID",
    "AKOS016347357",
    "PHENIBUT [WHO-DD]",
    "ALBB-022462",
    "EINECS 214-079-6",
    "beta-Phenyl-gamma-aminobutyrate",
    "CHEMBL315818",
    "Phenylgam",
    "4-14-00-01723 (Beilstein Handbook Reference)",
    "EX-A734",
    "phenyl-GABA",
    "(+/-)-.BETA.-PHENYL-GABA",
    "Q419559",
    "BRN 2804903",
    ".BETA.-(AMINOMETHYL)BENZENEPROPANOIC ACID",
    "BUTYRIC ACID, 4-AMINO-3-PHENYL-",
    "Phenibut; Fenibut",
    "Pgaba",
    "Fenigam",
    "DTXSID70870838",
    "UNII-T2M58D6LA8",
    "Benzenepropanoic acid, .beta.-(aminomethyl)-",
    "D96082",
    "4-Amino-3-phenylbutyric acid",
    "BCP10710",
    "Fenigama",
    "DB13455",
    "GS-3145",
    "Phenigama",
    "3-phenyl-4-aminobutanoic acid",
    "4-Amino-3-pheny-butyric acid",
    "(S)-4-Amino-3-phenylbutanoicacid",
    ".BETA.-PHENYL-.GAMMA.-AMINOBUTYRIC ACID",
    "HMS3886K05",
    "Benzenepropanoic acid, beta-(aminomethyl)-, hydrochloride",
    "Phenigam",
    "MFCD00456233",
    "beta-(Aminomethyl)benzenepropanoic acid",
    "Dl-4-amino-3-phenylbutanoic acid",
    "1078-21-3",
    "Benzenepropanoic acid, b-(aminomethyl)-",
    "Oprea1_381119"
  ],
  "distances": [
    7.6058055488,
    7.9459599144,
    8.4945185321,
    15.1155169054,
    18.2766612497,
    18.6088764627,
    18.8944072865,
    18.9209532509,
    19.1600236521,
    19.2694089071,
    19.3026947512,
    19.4076621115,
    19.4159330085,
    19.7189891093,
    19.9884068267,
    20.0119494027,
    20.1221383471,
    20.1407363687,
    20.1407363687
  ],
  "indices": [
    345,
    2,
    3,
    309,
    32,
    340,
    63,
    367,
    314,
    312,
    311,
    310,
    593,
    332,
    8,
    42,
    4,
    27,
    28
  ],
  "name": "psyc_Phenibut_trip_phenibut",
  "svg": "psyc_Phenibut_trip_phenibut.svg",
  "sim": [
    {
      "name": "trip_tolibut",
      "psychonaut_names": null,
      "tripsit_names": [
        "tolibut"
      ],
      "isomerd_names": null,
      "dist": 7.6058055488
    },
    {
      "name": "psyc_Baclofen_trip_baclofen",
      "psychonaut_names": [
        "Baclofen"
      ],
      "tripsit_names": [
        "baclofen"
      ],
      "isomerd_names": null,
      "dist": 7.9459599144
    },
    {
      "name": "psyc_F-Phenibut_trip_fluorophenibut",
      "psychonaut_names": [
        "F-Phenibut"
      ],
      "tripsit_names": [
        "fluorophenibut"
      ],
      "isomerd_names": null,
      "dist": 8.4945185321
    },
    {
      "name": "psyc_Tyrosine",
      "psychonaut_names": [
        "Tyrosine"
      ],
      "tripsit_names": null,
      "isomerd_names": null,
      "dist": 15.1155169054
    },
    {
      "name": "psyc_ETH-CAT_trip_ethylcathinone",
      "psychonaut_names": [
        "ETH-CAT"
      ],
      "tripsit_names": [
        "ethylcathinone"
      ],
      "isomerd_names": null,
      "dist": 18.2766612497
    },
    {
      "name": "trip_buphedrone",
      "psychonaut_names": null,
      "tripsit_names": [
        "buphedrone"
      ],
      "isomerd_names": null,
      "dist": 18.6088764627
    },
    {
      "name": "psyc_Pentedrone_trip_pentedrone",
      "psychonaut_names": [
        "Pentedrone"
      ],
      "tripsit_names": [
        "pentedrone"
      ],
      "isomerd_names": null,
      "dist": 18.8944072865
    },
    {
      "name": "trip_neb",
      "psychonaut_names": null,
      "tripsit_names": [
        "neb"
      ],
      "isomerd_names": null,
      "dist": 18.9209532509
    },
    {
      "name": "psyc_Dexamphetamine_trip_dexedrine_amphetamine",
      "psychonaut_names": [
        "Dexamphetamine"
      ],
      "tripsit_names": [
        "dexedrine",
        "amphetamine"
      ],
      "isomerd_names": null,
      "dist": 19.1600236521
    },
    {
      "name": "psyc_2-FA_trip_2-fa",
      "psychonaut_names": [
        "2-FA"
      ],
      "tripsit_names": [
        "2-fa"
      ],
      "isomerd_names": null,
      "dist": 19.2694089071
    },
    {
      "name": "psyc_4-FA_trip_4-fa",
      "psychonaut_names": [
        "4-FA"
      ],
      "tripsit_names": [
        "4-fa"
      ],
      "isomerd_names": null,
      "dist": 19.3026947512
    },
    {
      "name": "psyc_3-FA_trip_3-fa",
      "psychonaut_names": [
        "3-FA"
      ],
      "tripsit_names": [
        "3-fa"
      ],
      "isomerd_names": null,
      "dist": 19.4076621115
    },
    {
      "name": "isomer_4-APBT",
      "psychonaut_names": null,
      "tripsit_names": null,
      "isomerd_names": [
        "4-APBT"
      ],
      "dist": 19.4159330085
    },
    {
      "name": "trip_2-methylamphetamine",
      "psychonaut_names": null,
      "tripsit_names": [
        "2-methylamphetamine"
      ],
      "isomerd_names": null,
      "dist": 19.7189891093
    },
    {
      "name": "psyc_Methcathinone",
      "psychonaut_names": [
        "Methcathinone"
      ],
      "tripsit_names": null,
      "isomerd_names": null,
      "dist": 19.9884068267
    },
    {
      "name": "psyc_2-FEA_trip_2-fea",
      "psychonaut_names": [
        "2-FEA"
      ],
      "tripsit_names": [
        "2-fea"
      ],
      "isomerd_names": null,
      "dist": 20.0119494027
    },
    {
      "name": "psyc_Tryptamine_(compound)",
      "psychonaut_names": [
        "Tryptamine (compound)"
      ],
      "tripsit_names": null,
      "isomerd_names": null,
      "dist": 20.1221383471
    },
    {
      "name": "psyc_6-APB_trip_6-apb",
      "psychonaut_names": [
        "6-APB"
      ],
      "tripsit_names": [
        "6-apb"
      ],
      "isomerd_names": null,
      "dist": 20.1407363687
    },
    {
      "name": "psyc_5-APB_trip_5-apb",
      "psychonaut_names": [
        "5-APB"
      ],
      "tripsit_names": [
        "5-apb"
      ],
      "isomerd_names": null,
      "dist": 20.1407363687
    }
  ]
}