{
  "inchi": "InChI=1S/C11H17NO2/c1-8(12)6-9-7-10(13-2)4-5-11(9)14-3/h4-5,7-8H,6,12H2,1-3H3",
  "psychonaut_names": [
    "2,5-DMA"
  ],
  "tripsit_names": null,
  "isomerd_names": null,
  "isod_ids": null,
  "synonyms": [
    "Benzeneethanamine,2,5-Dimethoxy-a-Methyl-(.+/-.)-",
    "DB-002342",
    "2,5-Dimethoxyamphetamine",
    "Dimethoxyamphetamine, 2,5-",
    "Benzeneethanamine, 2,5-dimethoxy-.alpha.,-methyl",
    "13641-74-2",
    "NCGC00168269-02",
    "Amphetamine, 2,5-dimethoxy",
    "2,5-Dimethoxy-alpha-methylbenzeneethanamine",
    "1-(2,5-Dimethoxyphenyl)-2-propanamine",
    "DEA No. 7396",
    "Phenethylamine, 2,5-dimethoxy-alpha-methyl-",
    "2-(2,5-Dimethoxy-phenyl)-1-methyl-ethylamine(2,5-DMA)",
    "(+/-)-2,5-DIMETHOXYAMPHETAMINE",
    "U-10,648",
    "NCGC00168269-01",
    "DB01465",
    "DTXSID2091540",
    "2801-68-5",
    "2,5-dimethoxy-amphetamine",
    "Benzeneethanamine, 2,5-dimethoxy-.alpha.-methyl-",
    "(+/-)2-(2,5-Dimethoxy-phenyl)-1-methyl-ethylamine",
    "2-(2-Aminopropyl)hydroquinone dimethyl ether",
    "DMA",
    "DOH",
    "CHEMBL8642",
    "C-1739",
    "Phenethylamine, 2,5-dimethoxy-.alpha.-methyl-",
    "1-(2,5-dimethoxyphenyl)propan-2-amine",
    "2,5-Dimethoxy-alpha-methylphenethylamine",
    "J46.485F",
    "(+/-) -1-(2,5-Dimethoxyphenyl)-2-aminopropane",
    "2-(2,5-Dimethoxy-phenyl)-1-methyl-ethylamine",
    "BDBM50005251",
    "Q27092772",
    "2,5-DIMETHOXY-ALPHA-METHYL-BENZENEETHANAMINE",
    "BENZENEETHANAMINE, 2,5-DIMETHOXY-.ALPHA.-METHYL-, (+/-)",
    "Benzeneethanamine,2,5-dimethoxy-.alpha.-methyl-(.+/-.)-",
    "1-(2,5-Dimethoxyphenyl)isopropylamine",
    "NCI60_003383",
    "L000883",
    "2,5-DIMETHOXYAMPHETAMINE, (+/-)",
    "UNII-OIM1536TQQ",
    "OIM1536TQQ",
    "SCHEMBL1740902",
    "Benzeneethanamine, 2,5-dimethoxy-alpha-methyl-",
    "A819285",
    "1-(2,5-Dimethoxyphenyl)-2-aminopropane",
    "EINECS 220-540-2",
    "2,5-Dimethoxy-.alpha.-methylphenethylamine"
  ],
  "distances": [
    7.9793264773,
    9.3922785923,
    10.4211484092,
    11.3263279825,
    11.649132404,
    12.3716339774,
    12.4331255557,
    12.4936275261,
    12.5373800224,
    12.6539012095,
    12.6905327541,
    12.7147813459,
    12.9020084681,
    12.9035600348,
    13.090704006,
    13.1840410804,
    13.759754397,
    13.9891991505,
    14.2267115845
  ],
  "indices": [
    70,
    40,
    605,
    43,
    399,
    594,
    73,
    627,
    598,
    75,
    20,
    628,
    46,
    74,
    92,
    599,
    380,
    608,
    12
  ],
  "name": "psyc_2,5-DMA",
  "svg": "psyc_2,5-DMA.svg",
  "sim": [
    {
      "name": "psyc_DOM_trip_dom",
      "psychonaut_names": [
        "DOM"
      ],
      "tripsit_names": [
        "dom"
      ],
      "isomerd_names": null,
      "dist": 7.9793264773
    },
    {
      "name": "psyc_DOB_trip_dob",
      "psychonaut_names": [
        "DOB"
      ],
      "tripsit_names": [
        "dob"
      ],
      "isomerd_names": null,
      "dist": 9.3922785923
    },
    {
      "name": "isomer_4,2,3-DOB",
      "psychonaut_names": null,
      "tripsit_names": null,
      "isomerd_names": [
        "4,2,3-DOB"
      ],
      "dist": 10.4211484092
    },
    {
      "name": "psyc_DOI_trip_doi",
      "psychonaut_names": [
        "DOI"
      ],
      "tripsit_names": [
        "doi"
      ],
      "isomerd_names": null,
      "dist": 11.3263279825
    },
    {
      "name": "trip_doet",
      "psychonaut_names": null,
      "tripsit_names": [
        "doet"
      ],
      "isomerd_names": null,
      "dist": 11.649132404
    },
    {
      "name": "isomer_2-Br-6-MA",
      "psychonaut_names": null,
      "tripsit_names": null,
      "isomerd_names": [
        "2-Br-6-MA"
      ],
      "dist": 12.3716339774
    },
    {
      "name": "psyc_TMA-6_trip_tma-6",
      "psychonaut_names": [
        "TMA-6"
      ],
      "tripsit_names": [
        "tma-6"
      ],
      "isomerd_names": null,
      "dist": 12.4331255557
    },
    {
      "name": "isomer_N-Me-3,5-DMA",
      "psychonaut_names": null,
      "tripsit_names": null,
      "isomerd_names": [
        "N-Me-3,5-DMA"
      ],
      "dist": 12.4936275261
    },
    {
      "name": "isomer_2-Amino-1-(3,5-dimethoxyphenyl)ethan-1-ol",
      "psychonaut_names": null,
      "tripsit_names": null,
      "isomerd_names": [
        "2-Amino-1-(3,5-dimethoxyphenyl)ethan-1-ol"
      ],
      "dist": 12.5373800224
    },
    {
      "name": "psyc_TMA-2_trip_tma-2",
      "psychonaut_names": [
        "TMA-2"
      ],
      "tripsit_names": [
        "tma-2"
      ],
      "isomerd_names": null,
      "dist": 12.6539012095
    },
    {
      "name": "psyc_2C-H",
      "psychonaut_names": [
        "2C-H"
      ],
      "tripsit_names": null,
      "isomerd_names": null,
      "dist": 12.6905327541
    },
    {
      "name": "isomer_N-Me-2,6-DMA",
      "psychonaut_names": null,
      "tripsit_names": null,
      "isomerd_names": [
        "N-Me-2,6-DMA"
      ],
      "dist": 12.7147813459
    },
    {
      "name": "psyc_2C-D_trip_2c-d",
      "psychonaut_names": [
        "2C-D"
      ],
      "tripsit_names": [
        "2c-d"
      ],
      "isomerd_names": null,
      "dist": 12.9020084681
    },
    {
      "name": "psyc_TMA",
      "psychonaut_names": [
        "TMA"
      ],
      "tripsit_names": null,
      "isomerd_names": null,
      "dist": 12.9035600348
    },
    {
      "name": "psyc_4C-D",
      "psychonaut_names": [
        "4C-D"
      ],
      "tripsit_names": null,
      "isomerd_names": null,
      "dist": 13.090704006
    },
    {
      "name": "isomer_2-Amino-1-(2,6-dimethoxyphenyl)ethan-1-ol",
      "psychonaut_names": null,
      "tripsit_names": null,
      "isomerd_names": [
        "2-Amino-1-(2,6-dimethoxyphenyl)ethan-1-ol"
      ],
      "dist": 13.1840410804
    },
    {
      "name": "trip_aleph",
      "psychonaut_names": null,
      "tripsit_names": [
        "aleph"
      ],
      "isomerd_names": null,
      "dist": 13.759754397
    },
    {
      "name": "isomer_N-Me-3,5-DMPEA",
      "psychonaut_names": null,
      "tripsit_names": null,
      "isomerd_names": [
        "N-Me-3,5-DMPEA"
      ],
      "dist": 13.9891991505
    },
    {
      "name": "psyc_2C-C_trip_2c-c",
      "psychonaut_names": [
        "2C-C"
      ],
      "tripsit_names": [
        "2c-c"
      ],
      "isomerd_names": null,
      "dist": 14.2267115845
    }
  ]
}