{
  "inchi": "InChI=1S/C11H16INO2/c1-7(13)4-8-5-11(15-3)9(12)6-10(8)14-2/h5-7H,4,13H2,1-3H3",
  "psychonaut_names": [
    "DOI"
  ],
  "tripsit_names": [
    "doi"
  ],
  "isomerd_names": null,
  "isod_ids": null,
  "synonyms": [
    "[125I]2,5-dimethoxy-4-iodoamphetamine",
    "2,5-dimethoxy 4-iodoamphetamine",
    "PDSP1_001383",
    "(+/-)-1-(4-iodo-2,5-dimethoxyphenyl)-2-aminopropane",
    "DB-008006",
    "4-Iodo-2,5-dimethoxyamphetamine",
    "NCGC00162163-01",
    "CHEMBL6616",
    "AKOS015965128",
    "Benzeneethanamine,?4-iodo-2,5-dimethoxy-.alpha.-methyl-",
    "64584-34-5",
    "J246.190K",
    "1-(4-iodo-2,5-dimethoxyphenyl)propan-2-amine",
    "(+-)-DOI",
    "DOI-P",
    "2,5-Dimethoxy-4-iodoamphetamine",
    "NCGC00015302-03",
    "Q209251",
    "A834816",
    "99665-04-0",
    "3-(4-bromo[1,1-biphenyl]-4-yl)-1,2,3,4-tetrahydro-1-naphthol",
    "NCGC00015302-04",
    "BENZENEETHANAMINE, 4-IODO-2,5-DIMETHOXY-.ALPHA.-METHYL-",
    "GTPL147",
    "4-Iodo-2,5-dimethoxy-alpha-methylbenzeneethanamine",
    "MFCD05662244",
    "82830-53-3",
    "SCHEMBL293580",
    "(+/-)-1-(2,5-dimethoxy-4-iodophenyl)-2-aminopropane",
    "BDBM28582",
    "1-(2,5-Dimethoxy-4-iodophenyl)-2-aminopropane",
    "2-(4-iodo-2,5-dimethoxyphenyl)-1-methylethylamine",
    "Benzeneethanamine, 4-iodo-2,5-dimethoxy-alpha-methyl-",
    "DOI,(+)",
    "UNII-OOM10GW9UE",
    "2,5-Dimethoxy-4-iodophenylisopropylamine",
    "SDCCGSBI-0050451.P002",
    "4-DOI",
    "BGMZUEKZENQUJY-UHFFFAOYSA-",
    "4-Iodo-2,5-dimethoxyphenylisopropylamine",
    "OOM10GW9UE",
    "DOI,(-)",
    "Lopac0_000466",
    "PDSP2_001367",
    "CHEBI:64629",
    "1-(4-Iodo-2,5-dimethoxyphenyl)-2-aminopropane",
    "(+/-)-DOI",
    "[125I]DOI",
    "4-iodo-3-methoxy-N-(2-methoxy-1-methyl-ethyl)aniline",
    "L000011",
    "DTXSID7040520",
    "[125I]4-iodo-2,5-dimethoxyphenylisopropylamine",
    "Racemic DOI",
    "F15177",
    "CCG-204558",
    "S(+)-DOI HCL"
  ],
  "distances": [
    10.8645154903,
    10.9933111488,
    11.3263279825,
    11.8315476337,
    12.6905321529,
    13.6628357395,
    13.8494825356,
    13.8775242064,
    13.8915548453,
    13.9994653872,
    14.5786656058,
    15.0164628286,
    16.2675761318,
    16.4233578957,
    16.7058598819,
    16.769875648,
    16.9277649102,
    16.9545731308,
    16.9789396992
  ],
  "indices": [
    40,
    70,
    45,
    605,
    16,
    399,
    74,
    75,
    323,
    73,
    92,
    380,
    46,
    594,
    95,
    403,
    627,
    628,
    401
  ],
  "name": "psyc_DOI_trip_doi",
  "svg": "psyc_DOI_trip_doi.svg",
  "sim": [
    {
      "name": "psyc_DOB_trip_dob",
      "psychonaut_names": [
        "DOB"
      ],
      "tripsit_names": [
        "dob"
      ],
      "isomerd_names": null,
      "dist": 10.8645154903
    },
    {
      "name": "psyc_DOM_trip_dom",
      "psychonaut_names": [
        "DOM"
      ],
      "tripsit_names": [
        "dom"
      ],
      "isomerd_names": null,
      "dist": 10.9933111488
    },
    {
      "name": "psyc_2,5-DMA",
      "psychonaut_names": [
        "2,5-DMA"
      ],
      "tripsit_names": null,
      "isomerd_names": null,
      "dist": 11.3263279825
    },
    {
      "name": "isomer_4,2,3-DOB",
      "psychonaut_names": null,
      "tripsit_names": null,
      "isomerd_names": [
        "4,2,3-DOB"
      ],
      "dist": 11.8315476337
    },
    {
      "name": "psyc_2C-I_trip_2c-i",
      "psychonaut_names": [
        "2C-I"
      ],
      "tripsit_names": [
        "2c-i"
      ],
      "isomerd_names": null,
      "dist": 12.6905321529
    },
    {
      "name": "trip_doet",
      "psychonaut_names": null,
      "tripsit_names": [
        "doet"
      ],
      "isomerd_names": null,
      "dist": 13.6628357395
    },
    {
      "name": "psyc_TMA",
      "psychonaut_names": [
        "TMA"
      ],
      "tripsit_names": null,
      "isomerd_names": null,
      "dist": 13.8494825356
    },
    {
      "name": "psyc_TMA-2_trip_tma-2",
      "psychonaut_names": [
        "TMA-2"
      ],
      "tripsit_names": [
        "tma-2"
      ],
      "isomerd_names": null,
      "dist": 13.8775242064
    },
    {
      "name": "trip_bk-2c-i",
      "psychonaut_names": null,
      "tripsit_names": [
        "bk-2c-i"
      ],
      "isomerd_names": null,
      "dist": 13.8915548453
    },
    {
      "name": "psyc_TMA-6_trip_tma-6",
      "psychonaut_names": [
        "TMA-6"
      ],
      "tripsit_names": [
        "tma-6"
      ],
      "isomerd_names": null,
      "dist": 13.9994653872
    },
    {
      "name": "psyc_4C-D",
      "psychonaut_names": [
        "4C-D"
      ],
      "tripsit_names": null,
      "isomerd_names": null,
      "dist": 14.5786656058
    },
    {
      "name": "trip_aleph",
      "psychonaut_names": null,
      "tripsit_names": [
        "aleph"
      ],
      "isomerd_names": null,
      "dist": 15.0164628286
    },
    {
      "name": "psyc_2C-D_trip_2c-d",
      "psychonaut_names": [
        "2C-D"
      ],
      "tripsit_names": [
        "2c-d"
      ],
      "isomerd_names": null,
      "dist": 16.2675761318
    },
    {
      "name": "isomer_2-Br-6-MA",
      "psychonaut_names": null,
      "tripsit_names": null,
      "isomerd_names": [
        "2-Br-6-MA"
      ],
      "dist": 16.4233578957
    },
    {
      "name": "psyc_3C-E_trip_3c-e",
      "psychonaut_names": [
        "3C-E"
      ],
      "tripsit_names": [
        "3c-e"
      ],
      "isomerd_names": null,
      "dist": 16.7058598819
    },
    {
      "name": "trip_mem",
      "psychonaut_names": null,
      "tripsit_names": [
        "mem"
      ],
      "isomerd_names": null,
      "dist": 16.769875648
    },
    {
      "name": "isomer_N-Me-3,5-DMA",
      "psychonaut_names": null,
      "tripsit_names": null,
      "isomerd_names": [
        "N-Me-3,5-DMA"
      ],
      "dist": 16.9277649102
    },
    {
      "name": "isomer_N-Me-2,6-DMA",
      "psychonaut_names": null,
      "tripsit_names": null,
      "isomerd_names": [
        "N-Me-2,6-DMA"
      ],
      "dist": 16.9545731308
    },
    {
      "name": "trip_aleph-2",
      "psychonaut_names": null,
      "tripsit_names": [
        "aleph-2"
      ],
      "isomerd_names": null,
      "dist": 16.9789396992
    }
  ]
}