{
  "inchi": "InChI=1S/C19H23NO3/c1-3-22-15-7-4-11-10-13-12-5-6-14(21)18-19(12,8-9-20(13)2)16(11)17(15)23-18/h4-7,12-14,18,21H,3,8-10H2,1-2H3",
  "psychonaut_names": [
    "Ethylmorphine"
  ],
  "tripsit_names": [
    "ethylmorphine"
  ],
  "isomerd_names": null,
  "isod_ids": null,
  "synonyms": [
    "CHEMBL1712170",
    "Codethyline",
    "ETHYLMORPHINE [MI]",
    "Tox21_112610",
    "3-O-Ethylmorphine",
    "NCGC00168251-01",
    "Dionin",
    "(4R,4aR,7S,7aR,12bS)-9-Ethoxy-3-methyl-2,3,4,4a,7,7a-hexahydro-1H-4,12-methano[1]benzofuro[3,2-e]isoquinolin-7-ol",
    "UNII-RWO67D87EU",
    "ETHYLMORPHINE [WHO-DD]",
    "(4R,4aR,7S,7aR,12bS)-9-ethoxy-3-methyl-2,4,4a,7,7a,13-hexahydro-1H-4,12-methanobenzofuro[3,2-e]isoquinoline-7-ol",
    "Ethylmorphine 1.0 mg/ml in Methanol",
    "Ethylmorphine [BAN]",
    "3-Ethoxymorphine",
    "DEA No. 9190",
    "D07929",
    "C07537",
    "(5\u03b1,6\u03b1)-3-Ethoxy-17-methyl-7,8-didehydro-4,5-epoxymorphinan-6-ol",
    "Morphinan-6-ol, 7,8-didehydro-4,5-epoxy-3-ethoxy-17-methyl-, (5-alpha,6-alpha)-",
    "(4R,4aR,7S,7aR,12bS)-9-ethoxy-3-methyl-2,4,4a,7,7a,13-hexahydro-1H-4,12-methanobenzofuro[3,2-e]isoquinolin-7-ol",
    "(5.ALPHA.,6.ALPHA.)-7,8-DIDEHYDRO-4,5-EPOXY-3-ETHOXY-17-METHYLMORPHINAN-6-OL",
    "DSSTox_GSID_46760",
    "DTXSID1046760",
    "DSSTox_CID_26760",
    "R05DA01",
    "CAS-76-58-4",
    "DSSTox_RID_81884",
    "Ethylmorphine solution, 1.0 mg/mL in methanol, ampule of 1 mL, certified reference material",
    "IDS-NE-005(SECT.2)",
    "Q554881",
    "DIONINE",
    "RWO67D87EU",
    "(1S,5R,13R,14S,17R)-10-ethoxy-4-methyl-12-oxa-4-azapentacyclo[9.6.1.0^{1,13}.0^{5,17}.0^{7,18}]octadeca-7(18),8,10,15-tetraen-14-ol",
    "Morphinan-6-alpha-ol, 7,8-didehydro-4,5-alpha-epoxy-3-ethoxy-17-methyl-",
    "Morphine, ethyl-",
    "Ethylmorphine (BAN)",
    "SCHEMBL24971",
    "CHEBI:4902",
    "DB01466",
    "Ethyl morphine",
    "EINECS 200-970-7",
    "76-58-4",
    "ZINC3629718"
  ],
  "distances": [
    8.7069401212,
    14.3247311232,
    18.4637748097,
    20.637869594,
    21.7226278013,
    22.7154439543,
    24.1737346267,
    24.3021221223,
    25.084296359,
    25.8376596417,
    26.0693830371,
    26.6331172981,
    30.3031074366,
    30.991865506,
    31.2335405873,
    31.7196890255,
    34.7908616268,
    35.0631893315,
    36.2776514284
  ],
  "indices": [
    209,
    183,
    218,
    191,
    208,
    182,
    190,
    210,
    503,
    227,
    184,
    245,
    547,
    521,
    220,
    228,
    243,
    459,
    153
  ],
  "name": "psyc_Ethylmorphine_trip_ethylmorphine",
  "svg": "psyc_Ethylmorphine_trip_ethylmorphine.svg",
  "sim": [
    {
      "name": "psyc_Codeine_trip_codeine",
      "psychonaut_names": [
        "Codeine"
      ],
      "tripsit_names": [
        "codeine"
      ],
      "isomerd_names": null,
      "dist": 8.7069401212
    },
    {
      "name": "psyc_Morphine_trip_morphine",
      "psychonaut_names": [
        "Morphine"
      ],
      "tripsit_names": [
        "morphine"
      ],
      "isomerd_names": null,
      "dist": 14.3247311232
    },
    {
      "name": "psyc_Dihydrocodeine_trip_dihydrocodeine",
      "psychonaut_names": [
        "Dihydrocodeine"
      ],
      "tripsit_names": [
        "dihydrocodeine"
      ],
      "isomerd_names": null,
      "dist": 18.4637748097
    },
    {
      "name": "psyc_Galantamine",
      "psychonaut_names": [
        "Galantamine"
      ],
      "tripsit_names": null,
      "isomerd_names": null,
      "dist": 20.637869594
    },
    {
      "name": "psyc_Hydrocodone_trip_hydrocodone",
      "psychonaut_names": [
        "Hydrocodone"
      ],
      "tripsit_names": [
        "hydrocodone"
      ],
      "isomerd_names": null,
      "dist": 21.7226278013
    },
    {
      "name": "psyc_Hydromorphone_trip_hydromorphone",
      "psychonaut_names": [
        "Hydromorphone"
      ],
      "tripsit_names": [
        "hydromorphone"
      ],
      "isomerd_names": null,
      "dist": 22.7154439543
    },
    {
      "name": "psyc_Desomorphine",
      "psychonaut_names": [
        "Desomorphine"
      ],
      "tripsit_names": null,
      "isomerd_names": null,
      "dist": 24.1737346267
    },
    {
      "name": "psyc_Oxycodone_trip_oxycodone",
      "psychonaut_names": [
        "Oxycodone"
      ],
      "tripsit_names": [
        "oxycodone"
      ],
      "isomerd_names": null,
      "dist": 24.3021221223
    },
    {
      "name": "trip_6-mddm",
      "psychonaut_names": null,
      "tripsit_names": [
        "6-mddm"
      ],
      "isomerd_names": null,
      "dist": 25.084296359
    },
    {
      "name": "psyc_Thebaine",
      "psychonaut_names": [
        "Thebaine"
      ],
      "tripsit_names": null,
      "isomerd_names": null,
      "dist": 25.8376596417
    },
    {
      "name": "psyc_Oxymorphone_trip_oxymorphone",
      "psychonaut_names": [
        "Oxymorphone"
      ],
      "tripsit_names": [
        "oxymorphone"
      ],
      "isomerd_names": null,
      "dist": 26.0693830371
    },
    {
      "name": "psyc_Heroin_trip_heroin",
      "psychonaut_names": [
        "Heroin"
      ],
      "tripsit_names": [
        "heroin"
      ],
      "isomerd_names": null,
      "dist": 26.6331172981
    },
    {
      "name": "trip_marinol",
      "psychonaut_names": null,
      "tripsit_names": [
        "marinol"
      ],
      "isomerd_names": null,
      "dist": 30.3031074366
    },
    {
      "name": "trip_pentazocine",
      "psychonaut_names": null,
      "tripsit_names": [
        "pentazocine"
      ],
      "isomerd_names": null,
      "dist": 30.991865506
    },
    {
      "name": "psyc_Dextromethorphan_trip_dxm",
      "psychonaut_names": [
        "Dextromethorphan"
      ],
      "tripsit_names": [
        "dxm"
      ],
      "isomerd_names": null,
      "dist": 31.2335405873
    },
    {
      "name": "psyc_Naloxone",
      "psychonaut_names": [
        "Naloxone"
      ],
      "tripsit_names": null,
      "isomerd_names": null,
      "dist": 31.7196890255
    },
    {
      "name": "psyc_Ibogaine_Tabernanthe_iboga_(botany)_trip_ibogaine",
      "psychonaut_names": [
        "Ibogaine",
        "Tabernanthe iboga (botany)"
      ],
      "tripsit_names": [
        "ibogaine"
      ],
      "isomerd_names": null,
      "dist": 34.7908616268
    },
    {
      "name": "trip_rti-111",
      "psychonaut_names": null,
      "tripsit_names": [
        "rti-111"
      ],
      "isomerd_names": null,
      "dist": 35.0631893315
    },
    {
      "name": "psyc_Troparil_trip_troparil",
      "psychonaut_names": [
        "Troparil"
      ],
      "tripsit_names": [
        "troparil"
      ],
      "isomerd_names": null,
      "dist": 36.2776514284
    }
  ]
}